"","2'deoxycytidine","3'AMP","4-aminobenzoic acid","5'AMP","5'UMP","alanine","amMP","arginine","asparagine","aspartate","ciliatine","citrulline","cysteate","cysteine 2","cytidine","DHPS","folate","GABA","glutamic acid","glutamine","glutathione 2","glycine","guanosine","histidine","homoserine betaine","isethionate","isoleucine","kynurenine","leucine","lysine 2","malic acid","methionine","N-acetyl-muramic acid","ornithine 2","pantothenic acid","phenylalanine","proline","putrescine 2","sarcosine","serine","sn-glycerol 3-phosphate","spermidine 3","taurine","threonine","tryptamine","tryptophan","tyrosine","uridine","valine"
"CINAR_BC_61",0.344952228928652,0.00628621419333039,0.896792132422237,0.061626658101967,0.0676644181616159,2.39144699623844,0.00241503222386155,0.427971482585891,1.0982105234544,2.10494873887297,0.0529475070341335,0.599300597745824,0.304942487847764,1.10881263489734,0.238198341161765,1.33125889042507,0.466699788768906,0.00689834001968866,1.31066540172934,1.20392504438636,0.0727834382040497,3.30310674593736,0.0454903369185552,1.78832355980154,0.163925679276832,0.595415546330874,1.20078640475552,0.266689427531282,0.956979476978501,1.32411556595198,0.972804560209448,0.0214749603236191,0.325909626675247,1.99647372916837,0.0447178919547394,0.78191695994153,0.926516306113535,0.0146988837900452,0.154442815763696,3.48255994659229,0.181625020087846,0.00324788067581002,1.11657599002884,1.76276600488744,0.00476634067476285,0.29895695843069,0.475582404166371,0.107581661025117,1.46913331857881
"CINAR_BC_86",0.0983353995875841,0.00628621419333039,0.68391464320414,0.061626658101967,0.0767898838358185,1.8384138477334,0.00241503222386155,0.409556916637996,0.997448016000797,1.85104244503793,0.0814316184078736,0.65012538522992,0.350507023230466,1.31126668395905,0.141630474051386,1.19659406029679,0.466699788768906,0.00689834001968866,1.27885027916461,1.33336731524328,0.081367082836786,2.92917166611375,0.134517351040243,1.3743678507978,0.163925679276832,0.592036948478577,0.82965348906702,0.137267896589914,0.679882695685072,1.09124415124708,0.827697064749186,0.0214749603236191,0.325909626675247,1.58436408639734,0.0440679048416128,0.536669246921835,0.701011524505114,0.0146988837900452,0.130905282985752,3.04040174741807,0.164965965641838,0.00324788067581002,1.3528504871714,1.40169875391877,0.00476634067476285,0.208467520425105,0.475582404166371,0.154681064846291,1.09594164257846
"CINAR_BC_42",0.0983353995875841,0.0135381917396665,0.503356009384094,0.061626658101967,0.0923850109965463,1.52722732894639,0.00241503222386155,0.487494841965406,0.473976043320341,1.18382122232482,0.053477428374595,0.802096746976131,0.286397040655185,0.819924729422956,0.0956021059773998,0.867669761097915,0.466699788768906,0.0378482868808992,0.907766244637384,0.802783987387997,0.0493190942547043,2.4807517378324,0.0454903369185552,0.712745444915971,1.04481693559012,0.471751596190832,0.715349968871006,0.0266755433138446,0.535904370420151,0.885866690510616,0.947519728859414,0.0214749603236191,0.325909626675247,0.780524196005488,0.0328128956476943,0.462891465103572,0.543005778404368,0.169388933757671,0.184821033101764,2.2453678947779,0.462198059703072,0.0666715440270462,0.96123713846116,1.02311296093103,0.00476634067476285,0.128240394902558,0.475582404166371,0.0873326203325165,0.843032312495436
"CINAR_BC_102",0.0983353995875841,0.00628621419333039,0.312817425804141,0.0761941716776835,0.0714536952960553,0.987162723058223,0.00241503222386155,0.313397643784139,0.555716598708197,1.15830831689105,0.0940818358344016,0.169360014239923,0.321780526234814,1.29995420744173,0.18614748168851,0.65082715773293,0.466699788768906,0.00689834001968866,0.728940168183623,0.669849202354378,0.0736907585735132,2.11727289947388,0.0454903369185552,0.486921381074271,0.163925679276832,0.474422653741505,0.416297081823972,0.0627749470669587,0.330173374200074,0.533562496585831,0.884833508394039,0.0214749603236191,0.325909626675247,0.818513566469992,0.0424637118896186,0.245966819647323,0.350370115506272,0.0146988837900452,0.165422084241242,1.88560689652381,0.142683703328834,0.00324788067581002,1.26654859268132,0.655288431152742,0.00476634067476285,0.0965030433975525,0.475582404166371,0.0997791186746809,0.549998629938592
"CINAR_BC_62",0.0983353995875841,0.00628621419333039,1.36766147468991,0.061626658101967,0.128862970684699,2.60904837016747,0.00241503222386155,0.698193298120436,1.47783774312048,2.92233278926683,0.107572909286544,0.862043771183972,0.433888163945669,1.51116603255086,0.0573694815135975,3.44586631144815,0.466699788768906,0.0301344461790849,3.20622603560209,3.22388166652052,0.138354467998989,3.82409550773753,0.270861279644387,1.95783156607204,1.45380145631926,1.38862981383844,1.56142359644381,0.325403059315862,1.29690847132059,1.91464107311471,0.873999432064004,0.1184853773258,0.325909626675247,2.3510994005039,0.0427887589947842,1.04945234931785,1.51654266449379,0.069604608050367,0.335867350703839,3.71199830983006,0.356100550092255,0.0829514322137936,1.64099049080252,2.13367646345753,0.00476634067476285,0.354528113016246,0.475582404166371,0.264714151282644,1.72576390357108
"CINAR_BC_101",0.0983353995875841,0.0156496156960808,1.01558258986547,0.061626658101967,0.0760838622245631,2.27298533045633,0.00241503222386155,0.450844717393507,1.00500644191302,2.49572103815434,0.0900717112667694,0.612906325439911,0.346961432433234,1.47605340282008,0.158615186204366,0.720749188472028,0.466699788768906,0.135649782579313,1.40438755028186,1.1035005140142,0.0742384388377752,3.12547835910904,0.167073744641466,1.57631916167607,0.163925679276832,0.70090700953721,1.40659157873828,0.181445317662161,1.14736291695046,1.67949006584919,2.30513649474108,0.0214749603236191,0.325909626675247,2.18502622180202,0.0383643154410549,0.845448496623357,1.22008747574988,0.042208958065768,0.185465774740335,3.64265892409971,0.213320473357908,0.00324788067581002,1.10671831353526,1.92861049254177,0.00476634067476285,0.2511181298413,0.475582404166371,0.147396523367795,1.51385131053307
"CINAR_BC_88",0.280096117718378,0.017319155013573,0.326906790859442,0.061626658101967,0.127367841933157,0.778310249845625,0.00241503222386155,0.792704245811154,0.907635040284673,1.22004673542285,0.0850902500550308,0.0912462273232073,0.537701226184967,2.17275497370948,0.359501054677696,2.25308706464558,0.466699788768906,0.0664911958548932,1.98888523121381,1.91022090982399,0.272715482117477,2.36468798893921,0.530971550059731,0.188222741582671,0.677665603077382,1.23671212603422,0.272186098119319,0.0865029783472934,0.225606884993492,0.600868315206323,1.38178933236933,0.15855452612615,0.325909626675247,0.0992198737540277,0.104876269949358,0.299919835310488,0.415489323536856,0.0146988837900452,0.537646220592797,0.688090563676697,0.231001996178599,0.00895711242911008,2.84664897813288,0.308961906825792,0.0347252242063288,0.115565801018219,0.475582404166371,0.389797781760532,0.334873824488658
"CINAR_BC_49",0.319742078852232,0.0199444965208876,0.65160320156946,0.380360433031905,0.293930503365507,1.59686292276245,0.00241503222386155,0.814383636182636,0.849009874311159,1.51266482565185,0.141166373414308,0.174265307870979,0.730863760995324,1.79590602241244,0.23524435081605,2.94440547622336,0.466699788768906,0.0855512931548403,2.28293594263186,2.82327927066522,0.2155019589461,2.53561818402333,0.223120413331268,0.188222741582671,0.484339110825309,1.1597064481378,0.443069253892965,0.0638047579449351,0.309106586222063,0.674749278714758,1.67539778526335,0.0214749603236191,0.325909626675247,0.484675777369442,0.102288117809493,0.36406152904083,0.722151764481008,0.0580869621793863,0.633848210211927,1.27666958987551,0.63060402020398,0.051589691844107,2.04216985236127,0.53384913920787,0.00476634067476285,0.073123423644202,0.475582404166371,0.333634815623536,0.591593279905096
"CINAR_BC_60",0.0983353995875841,0.00628621419333039,0.76578804796197,0.061626658101967,0.0831361911793252,1.97642036995054,0.00241503222386155,0.44974570920706,0.871029237614183,2.03707637212636,0.0857260356974529,0.529389173407495,0.376227409767999,1.40274460768279,0.0573694815135975,1.40684967584155,0.466699788768906,0.155726900593337,1.65282301532479,1.49088576575802,0.0816837172472513,3.0143538143044,0.0784328395784031,1.3141821425255,0.705015652378844,0.874816838890754,1.0122630167413,0.170859492350853,0.824883556009754,1.2461821733689,0.820578765497124,0.0572093635941753,0.325909626675247,1.74058740548394,0.0455228156433977,0.641264085765526,0.916616894688163,0.0477028689100304,0.230564482904574,3.05235517175348,0.184221962284614,0.0174797315687036,1.46809243827478,1.49332783140534,0.00476634067476285,0.203197452375022,0.475582404166371,0.117462066496135,1.14993854196239
"CINAR_BC_57",0.188418374356493,0.0154151775937696,0.442539699829645,0.061626658101967,0.19617228453323,1.20226537956044,0.00241503222386155,1.05413801839845,1.13860179231211,1.46023480547578,0.155269131515529,0.0791924109080056,0.582350245549802,2.18879908322835,0.374276677809586,2.43669798398209,0.466699788768906,0.0681811574473402,2.08356664861656,2.04515130258513,0.240116755527459,2.92609861297894,0.356173871571733,0.188222741582671,0.98875255603408,1.20452170782267,0.245649265074973,0.107235757214622,0.210957918333964,0.599165655451736,1.30168414034274,0.0214749603236191,0.325909626675247,0.239237145705678,0.111427104657757,0.289341808993954,0.502092163315986,0.0146988837900452,0.516034239804191,0.818264742331793,0.326711261444132,0.0397737143080811,2.98022940744639,0.370246039911418,0.0316537929799822,0.159789551903938,0.475582404166371,0.370714169642967,0.328029497232039
"CINAR_BC_63",0.0983353995875841,0.155803977784452,0.632820988453938,0.29027654342337,0.194417429447956,1.41656761770321,0.00241503222386155,0.731827409765297,1.01784293528131,1.67425735633247,0.105349576423517,0.254649858845296,0.599870760786925,2.00825356313139,0.306510066787577,2.20947655153368,0.466699788768906,0.105006856406952,1.70306237403081,1.67395034293327,0.174163863513987,3.10883241630367,0.406601682163562,0.188222741582671,0.618407962787801,0.838274359717689,0.540748973326603,0.151774866013575,0.416465127249836,0.924918793228738,1.39400270306586,0.0214749603236191,0.325909626675247,0.934323212312518,0.106924559936522,0.399890615307731,0.650411756984826,0.0395183439863592,0.312193782763786,2.08521252386313,0.694349238805468,0.036877091301362,2.459364601584,0.912089580420922,0.0255409841094938,0.128885877549658,0.475582404166371,0.400036504707721,0.604157284223866
"CINAR_BC_52",0.409759676306572,0.0509583726386088,0.564325574830222,0.17022306707828,0.195861115938033,1.44727791133077,0.00241503222386155,0.580791616214849,0.69556338819336,1.40573581113482,0.120075866542887,0.246690802156071,0.689784555703923,1.94116724221331,0.317804289146919,2.37383263068753,0.466699788768906,0.0825641772879385,1.62099020699885,2.39551560393982,0.121515743042539,2.50662579099583,0.237481186555068,0.188222741582671,0.163925679276832,0.858518917582645,0.50468045096357,0.0991542727378305,0.380095512656134,0.77696280117767,1.52362561499798,0.0716424348136521,0.325909626675247,0.77413676885713,0.110180150758213,0.387069953422806,0.622458389304487,0.0449328088447294,0.418023261516128,1.84251928744424,0.386326761164952,0.0168971310869315,2.18684341379219,0.74192647265494,0.00476634067476285,0.134887087211494,0.475582404166371,0.313855998572337,0.650979840800931
"CINAR_BC_75",0.0983353995875841,0.00844183520172247,0.902327728993675,0.072852375503193,0.0644819498790418,2.26641508044858,0.00241503222386155,0.355157309336073,0.879273565540401,2.40889923868324,0.0623486473452887,0.620031465419685,0.300700406782053,1.29344786550137,0.0573694815135975,0.827228339960513,0.466699788768906,0.0290445965984154,1.23623330981002,0.886462631963207,0.0360610819804334,3.31587551284575,0.0454903369185552,1.55328523909299,0.163925679276832,0.644039031296629,1.0822046131549,0.170721157537971,0.944783486600972,1.45980462736692,0.50666012232254,0.0214749603236191,0.325909626675247,2.17341835181117,0.0393643662351733,0.694852733693914,1.04892150074639,0.0539749498600763,0.146998936960635,3.63517315253527,0.159046083843646,0.00324788067581002,1.12664005475986,1.82618924540011,0.00476634067476285,0.175884717934445,0.475582404166371,0.107783329711071,1.41384844466299
"CINAR_BC_50",0.0983353995875841,0.00732055551218674,0.666008884366071,0.115734034251603,0.0986761425659124,1.89480949918462,0.00241503222386155,0.380383093870537,0.608683951360196,1.75405415691947,0.0690967408095178,0.473449110530556,0.343557700991154,0.789764167362825,0.0573694815135975,1.51591047523571,0.466699788768906,0.00689834001968866,1.36038499262783,1.82498427688383,0.0541159621356745,2.85034284680927,0.0454903369185552,0.864435219246011,0.163925679276832,0.568218924224155,0.820778219371842,0.0838434772201799,0.709070317998436,1.11580768610818,0.818096900371302,0.0214749603236191,0.325909626675247,1.56298303241025,0.0350383658530174,0.507802029725443,0.705299579271693,0.0438677889115906,0.133348624028021,2.91371832681445,0.321599739232906,0.00324788067581002,1.19070067896572,1.3424582049885,0.00476634067476285,0.084924722235102,0.475582404166371,0.102676351175589,1.04557247462288
"CINAR_BC_118",0.0983353995875841,0.00628621419333039,0.199176375016226,0.0654383608530397,0.0791706317651577,0.679797539562211,0.00241503222386155,0.28064307872933,0.428762687003093,0.889507323214566,0.0469387866264366,0.123531725046728,0.290615041811136,1.19584048991853,0.147340672851443,0.973714694026951,0.466699788768906,0.00689834001968866,0.829984565646007,1.10671604480264,0.0732157663376545,1.33896244763505,0.0454903369185552,0.188222741582671,1.45660945248847,0.533725425356632,0.255467901292905,0.0266755433138446,0.203497062948843,0.314304757917951,0.935981558615334,0.0214749603236191,0.325909626675247,0.400316161173424,0.0384736100690599,0.168275216908377,0.19862739086197,0.0146988837900452,0.1607353752307,1.15950504117797,0.16848726572596,0.00324788067581002,1.129702076872,0.32038500424701,0.00476634067476285,0.0611433855554621,0.475582404166371,0.1216426815338,0.319965666271891
"CINAR_BC_107",0.0983353995875841,0.00628621419333039,0.700744463794244,0.061626658101967,0.0771086526936904,1.83323001559703,0.00241503222386155,0.310213988634806,0.75100316451777,1.95520118147572,0.081374780141772,0.404396752585984,0.334814248227109,1.08010024599888,0.0573694815135975,1.16132144337858,0.466699788768906,0.06639032989873,1.19174356144055,1.03243723726483,0.0573746387225607,3.04426888136419,0.11055095017169,1.34604037169359,0.163925679276832,0.52526006900934,0.978501622961606,0.182969484781866,0.792171596415636,1.18049762213135,0.953188316594418,0.0214749603236191,0.325909626675247,1.67145795591958,0.0363548640614111,0.65271433602005,0.806037493769883,0.0146988837900452,0.121025771144891,3.16603661769135,0.108264714171236,0.00324788067581002,1.2626151045827,1.51829475883513,0.00476634067476285,0.209508946789302,0.475582404166371,0.126619384142204,1.15602923694718
"CINAR_BC_113",0.0983353995875841,0.00628621419333039,0.230143456094767,0.0651542338283249,0.0780591673518214,0.716826403252238,0.00241503222386155,0.309512448414877,0.435793190280897,0.805132068910985,0.0624116718700543,0.172799366709066,0.306400852974674,1.16990815064995,0.231229140710937,0.994906306449229,0.466699788768906,0.00689834001968866,0.708961647890114,1.35041395683109,0.0628389678992656,1.62563508851231,0.0454903369185552,0.188222741582671,0.418437662457641,0.502729653821269,0.346072631738026,0.0546903966326069,0.263900681106197,0.42862550429137,0.927816835067949,0.0214749603236191,0.943865383050953,0.459780494043002,0.0402193219230046,0.237623264972006,0.212795323845432,0.0146988837900452,0.114665372063245,1.38563287996132,0.223920214902786,0.00324788067581002,0.963245710896637,0.394758304075604,0.00476634067476285,0.0675476767790542,0.475582404166371,0.228907835789687,0.384390566641567
"CINAR_BC_100",0.0983353995875841,0.0377935159977423,0.384258960107044,0.164110939604151,0.121847700628713,0.986412344857452,0.00241503222386155,0.51896882565322,0.484412461417445,0.981425363494593,0.0424625222588219,0.282038259156643,0.488392605774047,1.58873854890464,0.284480023252241,2.11149295167099,0.466699788768906,0.0467062669739326,1.39468646199488,2.25137495835756,0.124450706878836,1.9511742326962,0.110489696446846,0.188222741582671,0.163925679276832,0.620626765964114,0.330355503215013,0.0760830087245877,0.266314553665488,0.492366461072551,1.42964415366787,0.0214749603236191,0.325909626675247,0.476089870275202,0.0731298706527068,0.246462183277299,0.437836565371251,0.0146988837900452,0.369012523401834,1.39578436561503,0.308365352212409,0.00324788067581002,1.75777681037013,0.520273577361716,0.00476634067476285,0.0898058982546492,0.475582404166371,0.21183285890729,0.455363026134562
"CINAR_BC_108",0.0983353995875841,0.00628621419333039,0.43797305754932,0.0822609788589137,0.0604059294445519,1.21857432743549,0.00241503222386155,0.337710077351043,0.549767729140634,1.36477425273033,0.072356958314053,0.27239706559292,0.361527886484133,1.36156027656266,0.107050423665379,0.807183498296573,0.466699788768906,0.0433537931311972,0.8636076882133,0.965792363616808,0.0636962945885098,2.25028454474156,0.0907577873005232,0.70346082142389,0.163925679276832,0.546480349469934,0.571476115071867,0.0989698386848156,0.468019633253615,0.82362010998104,1.04214818255988,0.0214749603236191,0.325909626675247,1.09960348163401,0.0351852436964825,0.33786485090271,0.481748608894693,0.0146988837900452,0.161608508446579,2.42349630312117,0.122433621762661,0.00324788067581002,1.16990041734887,0.93877673826502,0.00476634067476285,0.117580626422646,0.475582404166371,0.128393284799794,0.650171235764098
"CINAR_BC_43",0.0983353995875841,0.0237000058893299,0.394874186723942,0.061626658101967,0.0708362216938584,1.4248336463108,0.00241503222386155,0.844422255327827,0.634325423651161,1.59400288219794,0.086405490814395,0.321980701125996,0.331645704220124,1.11026464528095,0.14399990829497,2.54497769525372,0.466699788768906,0.103478612728858,2.68988181042067,2.728443260501,0.164067781294547,2.27147823868511,0.0454903369185552,0.471466272554127,1.65608610834057,0.997559669617665,0.491023992533539,0.0266755433138446,0.387093587364062,0.826809197675294,0.951975093157674,0.0214749603236191,0.325909626675247,0.557583576314885,0.0311702735307304,0.285068448851773,0.430197082568612,0.104764284165322,0.746542978926114,1.5596675264142,0.254902220555291,0.10509775369193,1.40801422802544,0.681575543102272,0.00476634067476285,0.0810913708570392,0.475582404166371,0.225267505059109,0.623472376275132
"CINAR_BC_36",0.371474160694522,0.00628621419333039,0.251149676830555,0.061626658101967,0.05127288313126,0.792391069885333,0.00241503222386155,0.224961379776039,0.429231656346598,1.04727746443121,0.0820387920331205,0.226081110006479,0.325003701933686,1.13517599852352,0.25888858946405,1.02956263397637,0.466699788768906,0.0505211881831945,0.597262952889377,0.7730181357356,0.0476278844936485,1.82183616820446,0.0454903369185552,0.188222741582671,0.163925679276832,0.665200508222777,0.364619237504404,0.0266755433138446,0.324378904888757,0.525777944928574,0.601496069014578,0.0214749603236191,0.325909626675247,0.645153454249557,0.0321398163404634,0.246264335082068,0.289796281984705,0.0487674850323336,0.124340258703053,1.41282863809297,0.227754520729303,0.00324788067581002,0.907612093071529,0.50981206984011,0.00476634067476285,0.0272707820316035,0.475582404166371,0.0381866128884745,0.420111835559633
"CINAR_BC_81A",0.0983353995875841,0.00628621419333039,0.964204289363275,0.061626658101967,0.0660331586782611,2.37981039799985,0.00241503222386155,0.44413439462232,0.891177100338063,2.47596273635631,0.0696566434574137,0.61319693801543,0.311154773008604,1.55309936948323,0.0573694815135975,1.0589014762203,0.466699788768906,0.0381115622897615,1.33662058132231,1.17809637718492,0.0516710785992518,3.54528418384547,0.0454903369185552,1.73533984387453,0.163925679276832,0.625049286208439,1.11704924892853,0.19149378877923,0.973860358105052,1.53877654170032,0.836492669545533,0.0214749603236191,0.991956090880004,2.26472192200043,0.0367616693988821,0.663806622717718,1.07471847680674,0.045731876914054,0.182733225547959,3.79323839572567,0.147690253260556,0.00324788067581002,1.28836530964966,1.9806077550248,0.00476634067476285,0.25288355509743,0.475582404166371,0.110613265588721,1.41400847112343
"CINAR_BC_53",0.435374177386515,0.00628621419333039,0.831949777099772,0.061626658101967,0.0852442891338294,2.19226572498876,0.00241503222386155,0.415331162370706,0.978154664402553,2.18890103741765,0.0985521520997574,0.549734575860917,0.367218468258014,1.23347643856518,0.155891297493821,1.23353791191148,0.466699788768906,0.00689834001968866,1.36446930553034,1.23428058525477,0.0489840715450326,3.41234200622526,0.0824710232873079,1.32865466483259,0.163925679276832,0.606637487297226,1.09915958051645,0.138981112142405,0.925418076540598,1.32954707171109,0.696590092163519,0.107980648854575,0.325909626675247,1.88678303819094,0.0435250742840888,0.658941121040677,0.984644383235273,0.0146988837900452,0.258688426385532,3.40688088522915,0.191032530527964,0.00324788067581002,1.47786722380771,1.65717269566428,0.00476634067476285,0.19120071449998,1.00702746256701,0.120856802406747,1.30946772119988
"CINAR_BC_83",0.0983353995875841,0.0131428725510699,0.377450411490738,0.061626658101967,0.101811248495929,0.986916711218505,0.00241503222386155,0.76552808009587,0.840843420167613,1.09539448129797,0.0579826950370017,0.23966176731561,0.45098837788653,2.14775186995773,0.253249340830621,1.94007462495458,0.466699788768906,0.0435984915784152,1.61185250264032,1.79948749581199,0.1473878229288,2.34533771651312,0.259990608908508,0.188222741582671,0.163925679276832,0.981966564144427,0.309726687128422,0.0882414268258459,0.23769289316639,0.578442078208893,1.09039177808183,0.0919469548281757,0.742213620490525,0.389777110623206,0.0884890016497911,0.259696430134175,0.432687969638215,0.0146988837900452,0.534621338095738,1.3775686549043,0.218446076406588,0.0111909033938479,2.53002379647075,0.43435424163261,0.0187804461882758,0.145051002908348,0.475582404166371,0.338384317299418,0.316737271684585
"CINAR_BC_76",1.71242865926246,0.00628621419333039,0.243358739797412,0.061626658101967,0.0814822100500138,0.747698688394265,0.00241503222386155,0.352717034474658,0.555957414524924,0.972237281445512,0.066792335233406,0.292423221412377,0.306028690393045,1.39630207083901,0.0573694815135975,1.3517788402771,0.466699788768906,0.00689834001968866,0.998308760007506,1.24753473124481,0.0774622053746876,1.92014729647926,0.0454903369185552,0.188222741582671,0.163925679276832,0.580647072848115,0.283310558422517,0.0549775959831795,0.245685038625991,0.414248853427146,0.617831883480672,0.0214749603236191,0.325909626675247,0.455140752687619,0.0483392612914293,0.228130401003175,0.276548781956061,0.0146988837900452,0.184188952304732,1.31621501974565,0.156247080461753,0.00324788067581002,1.39787032834071,0.421050935329564,0.00476634067476285,0.0773230554164723,0.475582404166371,0.0906708296878831,0.399975822087517
"CINAR_BC_85",0.218790248615418,0.0162843063172285,0.406449494907298,0.061626658101967,0.132816418966662,0.952182745107695,0.00241503222386155,0.699002024386748,0.773174830371132,1.25157145806463,0.0814515606255068,0.162182972433541,0.528481554459206,2.23691545210386,0.229740620797013,1.68640878161984,0.466699788768906,0.0623860572743181,1.81508503307022,1.6387605530544,0.222699106870589,2.41688615064899,0.41973108202633,0.188222741582671,0.589773022777225,1.16238775178114,0.265563766261077,0.0799653879357221,0.222256856780554,0.665052447586176,1.10225549103991,0.0214749603236191,1.05197458502572,0.323360472282906,0.108685536115506,0.30802977583763,0.446819854322812,0.0146988837900452,0.542767399270037,1.04060704188427,0.293023408808979,0.0120978310663249,2.87548125244913,0.382156800447178,0.0348834878386996,0.119497043827995,0.475582404166371,0.387635094065528,0.306685109882294
"CINAR_BC_48",0.464235145859335,0.032968475056172,0.655767776878418,0.216619602312969,0.28904966632338,1.61381312520315,0.00241503222386155,0.81271064672734,0.721893769827847,1.51003103203995,0.145170629217438,0.241879936144117,0.717494829021729,1.67941238863562,0.349459819167375,2.56891715761792,0.466699788768906,0.16384349483043,1.98407261432104,2.57731192853823,0.23005814104467,2.50072172041094,0.234632337240889,0.188222741582671,0.390156745667562,1.17746882629419,0.563833352450599,0.098546792595651,0.415574738559449,0.812981369372355,1.54435748080122,0.176001196728838,0.325909626675247,0.602164604055245,0.117858449697077,0.43707129709174,0.741078794317935,0.110220697003143,0.402656305693929,1.59206459778503,0.872991920867365,0.0689403232711301,2.04887568762697,0.67685517317044,0.00476634067476285,0.0822239745101503,0.475582404166371,0.303509240220833,0.646490733615294
"CINAR_BC_65",0.0983353995875841,0.00628621419333039,0.409037661812166,0.061626658101967,0.0789245645190627,1.20978124498587,0.00241503222386155,0.390976972216308,0.555547090292866,1.19655538068972,0.0597018456964677,0.336380791217482,0.284878675050027,1.03217197036164,0.0573694815135975,1.07709706216325,0.466699788768906,0.0433592450485003,0.919968404149854,0.908461921153998,0.0658846942135839,2.27086863231773,0.0454903369185552,0.520812367243136,0.717257546779522,0.476867541049226,0.463105833144417,0.101196249923607,0.411493088308698,0.642766153298263,0.578625240121992,0.0214749603236191,0.325909626675247,0.913647695895884,0.0397397919026821,0.317787913552295,0.44540735792474,0.0146988837900452,0.196323627462155,1.94188387817963,0.222334693071218,0.00324788067581002,1.16726591487632,0.737550171529784,0.00476634067476285,0.0723399642933139,0.475582404166371,0.0983093652927176,0.627481335269311
"CINAR_BC_112",0.0983353995875841,0.0124016218671111,0.324249820998584,0.171056602150014,0.104734427014475,1.11598020349072,0.00241503222386155,0.351449851893015,0.563451537247344,1.02497428630298,0.0870507764461611,0.440421369623921,0.271072006826339,1.00378602916749,0.116792464812072,1.14111629731781,0.466699788768906,0.0925702261440403,1.37834940821912,1.27568146228652,0.0632549616941513,1.81311547049787,0.0454903369185552,0.528844614206734,1.95611902888474,0.495729654359709,0.39334557961266,0.0741473309823233,0.320863040231274,0.554731473339624,0.824345230765322,0.0214749603236191,0.325909626675247,0.631818921419687,0.0288638938255812,0.250935459657878,0.361078721009821,0.0363077582138823,0.111063258816922,1.79084656359481,0.162741338076645,0.00324788067581002,0.942226031542956,0.666218652032363,0.00476634067476285,0.0838569850784875,0.475582404166371,0.0605572348444227,0.525110939747088
"CINAR_BC_56",0.0983353995875841,0.00628621419333039,0.158604174743516,0.061626658101967,0.0538046301878769,0.127653214634142,0.00241503222386155,0.202109867716978,0.498451106773469,0.777812653876265,0.0755960968131322,0.100995295374529,0.327717291377615,1.1648688394833,0.0573694815135975,1.20403958904673,0.466699788768906,0.00689834001968866,0.62778421125091,0.880735217363169,0.0695077386770333,1.28589870649458,0.089577004092748,0.188222741582671,0.442643639640384,0.75797766922127,0.153408335849715,0.0266755433138446,0.159450520460738,0.269933953731607,0.968367092198724,0.0214749603236191,0.325909626675247,0.250388815239628,0.0402880490451943,0.131390242270868,0.112727997971069,0.0146988837900452,0.261235801663147,0.647252277037798,0.143210525754848,0.00324788067581002,0.898634527976479,0.0729705834664716,0.00476634067476285,0.0272707820316035,0.475582404166371,0.0803829721410431,0.0811527899339818
"CINAR_BC_119",0.0983353995875841,0.0100459495335157,0.869551054040399,0.297633115696194,0.204009037105163,1.29183105889078,0.0153408305363347,0.529270618391628,0.4191466444619,1.23274432061496,0.0537185724921693,0.111664089008351,0.418113692532929,1.88123704255718,0.26846075292485,1.57983696392087,0.510402699508072,0.0432428938818537,1.73622132197748,1.94123691572174,0.185355584462288,2.34234413508734,0.240049243405192,0.188222741582671,0.163925679276832,0.706034142651424,0.347029081950087,0.055101507145381,0.273322993974893,0.618576309282292,1.16152246010537,0.101953327479029,0.325909626675247,0.514992262156931,0.0799737205405361,0.27461241533041,0.978565938331072,0.0146988837900452,0.343755406552543,1.42191236305665,0.313058342220503,0.0105559829935521,1.98682620954412,0.526066183048367,0.00476634067476285,0.0768072878104979,0.475582404166371,0.264644414658566,0.415688605350376
"CINAR_BC_81B",0.246042886873172,0.0163098647213368,0.42690783449708,0.061626658101967,0.16217507614603,1.19814279168414,0.00241503222386155,0.850683864584143,0.662003922267019,1.03193871882762,0.107758362250994,0.175233997349935,0.611371286252338,2.56556302972388,0.487630913923537,1.65039005394329,0.466699788768906,0.283422502590665,1.6592752440855,1.64688169039155,0.209238314877301,2.70617500002315,0.420451988452187,0.188222741582671,0.446812043731134,0.92349165091067,0.332374511722745,0.0689377737113792,0.234944314843851,0.603497220612997,1.06955105088411,0.146027125905083,0.325909626675247,0.321590039271774,0.104533224515526,0.30161630658028,0.365028385821343,0.281218447864491,0.54895230293841,1.23822577449187,0.344463164681038,0.0896825812446528,2.72581487167717,0.431010423132052,0.0180271280844564,0.0997797345664863,0.475582404166371,0.412221369705756,0.402690974443409
"CINAR_BC_80",0.0983353995875841,0.00628621419333039,0.548603637626063,0.061626658101967,0.0815960297399735,1.6426676745133,0.00241503222386155,0.379354953791717,0.910309672329855,1.66152818519559,0.0780297863080224,0.451760596431131,0.365757209422431,1.33400980901683,0.0972508974588026,1.50825878004118,0.466699788768906,0.00689834001968866,1.14483119328634,1.36223521167392,0.0493975330442273,3.4137106540891,0.0454903369185552,1.28565866962118,0.163925679276832,0.545973920346868,0.72788050973134,0.206687026272264,0.638984061483955,0.991689166218424,0.570770562847262,0.0214749603236191,0.325909626675247,1.46951432798281,0.0458445140719492,0.54654219736642,0.595793427045703,0.0384243588958306,0.136776262430749,2.82937601950251,0.238423482221122,0.00324788067581002,1.28268261878102,1.23127668512729,0.00476634067476285,0.220771206477471,0.475582404166371,0.148400611397282,0.996909995477328
"CINAR_BC_74",0.0983353995875841,0.0361719594992977,0.700194868403601,0.346453623279095,0.23692442687098,1.77359355993761,0.00241503222386155,1.16532403775663,0.74637493611989,1.50428683073695,0.144150264221437,0.376424687769783,0.651663929410129,1.88959011567682,0.196243304980348,2.55795595329629,0.466699788768906,0.102041024484611,1.88054373252351,2.02287048706165,0.249940616462126,3.02198564089382,0.242206893104065,0.54294282722075,0.410100254108605,1.14142717716332,0.575505139932013,0.112838564562147,0.437882925583736,0.896766223603781,1.63602398848463,0.0214749603236191,0.325909626675247,0.752108677562461,0.120631986460894,0.445023348051198,0.78607876024462,0.0460899374691532,0.672945117386861,1.97532299326392,0.541029014206502,0.023528989996661,2.56403983910767,0.823083282380254,0.00476634067476285,0.116549672458302,1.20046025549732,0.302374074973896,0.770352469617012
"CINAR_BC_37",0.0983353995875841,0.0163175936622935,0.481945268598785,0.061626658101967,0.148666684533699,1.33334476324559,0.00241503222386155,0.860495490907495,0.986168966101932,1.33481436414319,0.161047426003524,0.303234391210161,0.726027800367573,2.13896560923131,0.162824806830117,2.06094665693776,0.466699788768906,0.0813678641245178,1.6662201205418,1.55857874550185,0.225904676894432,2.88374814591588,0.336808037060001,0.465144113605362,0.457348259203008,1.38899160057322,0.369695598616867,0.093445346237418,0.296977917405695,0.693550039814689,1.22857180361769,0.0214749603236191,0.325909626675247,0.526001692676007,0.103912186085293,0.327064760784912,0.524566498015325,0.0596007732355037,0.415039163826329,1.46054812289812,0.460127353995819,0.061237809992173,2.75345631974398,0.608315683983726,0.0314761284807339,0.121670450334887,0.475582404166371,0.261577954397948,0.452728842963166
"CINAR_BC_115",0.0983353995875841,0.00945245514345723,0.938390258395053,0.0894924275367513,0.0805469124642147,2.36618027708472,0.00241503222386155,0.798429121438908,0.978005877615376,1.87908646590607,0.10626391381481,1.16404051741407,0.299038892591385,1.1778843921791,0.200328727020437,0.698994201491504,0.551998389783398,0.0510820216659204,1.16525269833359,0.886942006281107,0.0541591956968193,3.333169013776,0.0454903369185552,1.57534692672305,1.93915891879943,0.51397836767373,1.39042921380836,0.119481392414131,1.10135071817544,1.47702473456787,1.14755015371179,0.179997132705869,0.325909626675247,1.62914955448299,0.0285776016324389,0.916884001163242,1.08971190833303,0.0597744666116959,0.211563083923159,3.44785190457228,0.228614750907024,0.0210678467689701,1.00978748605841,1.64608427133036,0.00476634067476285,0.169998824028207,0.475582404166371,0.124378421922995,1.54056055972073
"CINAR_BC_90",0.0983353995875841,0.0311847322109814,0.790238012579407,0.115330350482156,0.0696541662807734,2.06538427627849,0.00241503222386155,0.497107216577319,0.753294091456889,2.08887540388451,0.0733132578445066,0.723908896506058,0.280461578598016,0.923408860454439,0.0573694815135975,0.851745609267771,0.466699788768906,0.0607232160759279,1.16498411519666,0.926714767313027,0.0360610819804334,3.25228216293323,0.0454903369185552,1.30600738790828,1.28646227292605,0.54090729484823,0.934716835761918,0.113025332252733,0.831028621439413,1.47043812263214,0.898621704304616,0.0214749603236191,0.325909626675247,1.84132884123629,0.0343775843548972,0.462295741862675,1.06712096389619,0.0419396427551053,0.168232749545574,3.20616971073929,0.215787612542582,0.00324788067581002,0.964258690187476,1.57963984231643,0.00476634067476285,0.146468361334005,0.475582404166371,0.0549907147102848,1.18945258576763
"CINAR_BC_39",0.0983353995875841,0.00628621419333039,0.614094626840852,0.061626658101967,0.070141764197795,1.75715380337721,0.00241503222386155,0.600674867179686,0.824795421506049,1.81678558373081,0.0566830438678934,0.536043623230684,0.330172661043393,1.27997171199261,0.0573694815135975,1.61899754896205,0.466699788768906,0.00689834001968866,1.28871475095564,1.47746931806256,0.0360610819804334,2.83643183071525,0.0454903369185552,1.26887435548856,0.163925679276832,0.693349129229034,0.929350688441188,0.108293791534325,0.737023548745766,1.08798108932363,0.666976684007118,0.0214749603236191,0.325909626675247,1.37866535657145,0.0354559005666115,0.532508845493077,0.661449275791703,0.280541197777412,0.358955669555365,2.64328024749688,0.288506420399395,0.057798397299976,1.43823533763967,1.24938724898097,0.00476634067476285,0.167211257992507,0.475582404166371,0.113507442394164,0.986136290428819
"CINAR_BC_103",0.421149077241726,0.0120634184896663,0.40187414290812,0.061626658101967,0.143646636909517,1.12929273360486,0.00241503222386155,0.69752171393534,0.854062702591485,1.29721003011433,0.102968237643172,0.200896942367053,0.665317192752892,2.16146363078129,0.305757533774119,1.44206742011772,0.466699788768906,0.079921959657031,1.61716281916464,1.25796412743007,0.266988728745281,2.3993751769953,0.584749488994766,0.561775084560965,0.620903157039046,1.35438511570129,0.364608169509082,0.106408751088794,0.277688605566445,0.618207148596981,1.70164276271669,0.0214749603236191,0.325909626675247,0.549110007900794,0.103570740604249,0.281558609304053,0.42466792259975,0.0595460492874697,0.532294797118415,1.46630479061779,0.26684479966324,0.00324788067581002,2.73794078462881,0.580658265150802,0.0329473746160005,0.0990847325396469,0.475582404166371,0.366927742001744,0.460101796970133
"CINAR_BC_77",0.0983353995875841,0.00884712005782813,1.12659132094319,0.061626658101967,0.0792636574409847,2.64911504882896,0.00241503222386155,0.634776087665497,1.22301548526217,2.61011602843519,0.0576134948710116,0.920828070150623,0.342890435761025,1.28046889197682,0.146212318655715,0.982371634105713,0.466699788768906,0.25576106595209,1.65001242840886,1.02549919490719,0.0360610819804334,3.71781549153339,0.0454903369185552,2.03700642232114,0.163925679276832,0.714986683893604,1.56018992784997,0.245490275478265,1.30375395565715,1.72914646482022,1.28935307722424,0.231897832883407,0.325909626675247,2.33072640402656,0.0445304326222813,1.07727277795535,1.25373623868136,0.29128686610254,0.157625799522157,3.82287436892084,0.227697108806416,0.0716096296951972,1.18118564795384,2.09294747763673,0.00476634067476285,0.357954296271112,0.475582404166371,0.13886983424981,1.78175264203935
"CINAR_BC_40",0.371597885802887,0.00628621419333039,0.619643863035285,0.061626658101967,0.0747970240699071,1.79628723427126,0.00241503222386155,0.551652277224068,0.77721172198786,1.89425939477557,0.0628045488839733,0.623581132866302,0.385512872781066,1.21594279108998,0.0573694815135975,1.38137888210287,0.466699788768906,0.00689834001968866,1.40220193103446,1.33716697292806,0.0767410727825324,3.23701896172069,0.0454903369185552,1.28620583669223,0.163925679276832,0.681941913150744,0.968021608091551,0.116584806496412,0.818296726343348,1.1536893070253,0.922726828349812,0.0214749603236191,0.325909626675247,1.48777659054278,0.0462297238205695,0.611463806248574,0.768061747294157,0.336761499618922,0.33570626976208,2.87157874023961,0.337015766319429,0.0604763923116225,1.41147930713907,1.37202108760036,0.00476634067476285,0.218135043701365,0.475582404166371,0.141220527673,1.06592754383259
"CINAR_BC_93",0.0983353995875841,0.00777130326483378,0.474835816748617,0.163561209048904,0.104423108643449,1.40761900871811,0.00241503222386155,0.531205705109437,0.529002911146335,1.46290355079343,0.0560630896964704,0.410424696995397,0.25280046388605,1.06185472033054,0.130357395612956,1.09712387147259,0.466699788768906,0.00689834001968866,1.24267880411618,0.986604353121911,0.0862852008961442,2.45316242272413,0.095924534562117,0.652642988595236,1.18145605704328,0.553931541296407,0.555214611750634,0.0969512948481109,0.457288124002026,0.820829246285886,0.924109995531523,0.0214749603236191,0.325909626675247,1.09564085399001,0.0367652636863254,0.295614489347261,0.499182124607147,0.0430322132058617,0.230670809859297,2.22648234474387,0.240721871068865,0.0103350727463972,1.35020485814142,0.956661283809488,0.00476634067476285,0.109825391071926,0.475582404166371,0.0716130077652028,0.749677066104809
"CINAR_BC_78",0.195752932772356,0.00628621419333039,0.56278755553291,0.061626658101967,0.0529568060812124,1.6080719876442,0.00241503222386155,0.543191184651787,0.925752725840331,1.80189325697545,0.0866641888387641,0.59281083251062,0.412631080701778,1.38029418448874,0.0573694815135975,1.24952893134875,0.466699788768906,0.00689834001968866,1.53479008122964,1.23551851897944,0.0749100856430626,2.79965557917888,0.0454903369185552,1.05105632754897,0.163925679276832,0.742370509554635,0.757212738725771,0.130945899975373,0.622801626892188,1.0607353837389,0.953973896977389,0.0214749603236191,0.325909626675247,1.30893481114209,0.0405619492121138,0.471299599168491,0.681783808163572,0.0643078234674238,0.205938332143436,2.64408068609308,0.247028658991471,0.0139497641691921,1.14186435422852,1.18955692375973,0.00476634067476285,0.14943766695306,0.475582404166371,0.10911201982055,0.892744866539185
"CINAR_BC_41",0.184598622592543,0.0229696406687248,0.598257625469004,0.061626658101967,0.191633096965399,1.4033941498262,0.00241503222386155,1.00393395604049,1.06267170144475,1.41158151102918,0.175616925181443,0.345886293576002,0.718557326301311,2.11381865591079,0.358323433988633,1.86585791403964,0.466699788768906,0.170097876905314,1.93343980825489,1.68427764593907,0.253628568842836,3.2041627261033,0.240773735561988,0.56855459112527,0.98861954497797,1.46602906860908,0.365761498961549,0.0949131380435363,0.307605154538328,0.788816581488278,1.32263618141028,0.0941763458995201,0.325909626675247,0.451881466840752,0.106061335009363,0.337550217137955,0.694027532786567,0.0548598783220786,0.474098694761959,1.42542984406858,0.451976486318206,0.0427692915641729,2.96695727639147,0.616733401563043,0.0319290161273129,0.147840462209595,0.475582404166371,0.362106727196226,0.512427510832192
"CINAR_BC_95",0.213448424423024,0.0432440638607641,0.421880232310192,0.233195566346526,0.133862680477807,0.927246617136159,0.00241503222386155,0.70324203160864,0.377050938026106,1.05127882735127,0.037538153467776,0.243669949993489,0.428127889422564,1.68785445997155,0.166534060051533,1.7975601360186,0.466699788768906,0.036858667865167,1.41158126489284,1.44471440652199,0.171728064331981,1.90978154640543,0.13160363470785,0.188222741582671,0.163925679276832,0.667256951143204,0.372088998484569,0.0816356982765638,0.29241594650069,0.562918550224699,1.37180964877142,0.0214749603236191,0.325909626675247,0.43984865290652,0.0724227934429514,0.241759477409333,0.47837710612935,0.0146988837900452,0.443267459300487,1.23717726174072,0.340135143813629,0.00324788067581002,2.1018510703821,0.515295989165372,0.00476634067476285,0.0893835815585466,0.475582404166371,0.210430665003759,0.339396863462929
"CINAR_BC_79",0.756239415330286,0.0256268323361642,1.38127562980202,0.061626658101967,0.0788109105341155,3.66782622159347,0.00241503222386155,1.01848619643454,1.58872560700949,3.6576035666894,0.0789615873271066,1.85996937425562,0.333633652330682,1.63637857323404,0.498421316092245,0.936134558874631,0.466699788768906,0.185335624285851,2.23090797394758,1.50725928735767,0.0504430918129814,4.90602465969054,0.0454903369185552,2.98525327576997,0.163925679276832,0.834385392968395,2.49083759263863,0.48424265402657,2.11177230623001,2.73877087557005,1.61511442187232,0.599179581180436,0.325909626675247,3.34198276069853,0.0496568577213769,1.76280103318317,2.12515714622205,1.08145881998905,0.170206196501133,4.95036545977865,0.412578394580352,0.19189686702728,1.44373579422876,3.13615819654849,0.00476634067476285,0.689406041990535,0.475582404166371,0.15784573657704,2.67432697647346
"CINAR_BC_114",0.0983353995875841,0.00628621419333039,0.418615356869847,0.061626658101967,0.0621163495395849,1.23919549938925,0.00241503222386155,0.288206490959981,0.551450929819489,1.35352557712963,0.0611023511443148,0.340777199046666,0.254718704483185,1.15789187200722,0.0573694815135975,0.977214310765317,0.466699788768906,0.00689834001968866,0.858878144863589,1.16265150015221,0.0504776075823103,2.23676374017482,0.0454903369185552,0.188222741582671,0.163925679276832,0.558878387661262,0.613444360111528,0.0648433282742715,0.493480360287122,0.770229174235291,0.719342043480157,0.0214749603236191,0.697271017431545,0.981120012109079,0.0386733537597847,0.336008205001789,0.472185966198281,0.0146988837900452,0.0983430391060511,2.18979202789336,0.134946388291981,0.00324788067581002,0.862702432515265,0.863630214540478,0.00476634067476285,0.0984901209085814,0.475582404166371,0.092964660485646,0.637751662441388
"CINAR_BC_82",0.0983353995875841,0.00628621419333039,0.615841958912842,0.061626658101967,0.0718085193234338,1.86459463069749,0.00241503222386155,0.368289263920357,0.823417708595476,1.9202566960078,0.0917905336781704,0.470624519158313,0.341527206773949,1.58639640815432,0.218167572937868,1.0170018800384,0.466699788768906,0.00689834001968866,1.35899972447217,1.13169719524755,0.0360610819804334,2.96613514679721,0.116830723087153,1.30520387543799,0.163925679276832,0.545636876995686,0.873661231120145,0.133099967833331,0.753718198483279,1.24204653562537,0.755091318091647,0.0214749603236191,0.325909626675247,1.66126960735164,0.0472423273088163,0.568083179169721,0.704991494845162,0.0534582554397045,0.160904104523527,3.14739130828779,0.167795625385688,0.00324788067581002,1.31483110026935,1.42420819673932,0.00476634067476285,0.195098856508747,0.475582404166371,0.15642784279114,1.12319350125166
"CINAR_BC_109",0.52612839791662,0.0170109947359425,0.9721768419206,0.061626658101967,0.141370410654891,2.29507010910176,0.00241503222386155,1.06611277746324,1.4395553785673,2.44992463959855,0.0861951159097732,0.491858569798858,0.644840818829842,2.23772519186838,0.600917163356236,2.57739148649822,0.466699788768906,0.0526172789077521,2.53077772060199,2.57207608624243,0.258752233183379,3.81475802812941,0.448367334891014,0.924501327318262,0.895093757485196,1.0312803301624,0.939918272505797,0.136190775621803,0.771333306850913,1.49738875369089,1.06148709019888,0.0214749603236191,0.764777773960528,1.77521116887043,0.102785439351053,0.582237289163898,1.0183513943277,0.0382813133635754,0.580587040070351,3.33413701861032,0.281390110161606,0.0311773321116469,2.77687166530814,1.62879441295591,0.0168198761590031,0.229337608043673,0.475582404166371,0.714627650908927,1.18517992850777
"CINAR_BC_84",0.0983353995875841,0.0140845861115345,0.819820229521756,0.201388878649289,0.126770125064718,2.10353458253216,0.00241503222386155,0.647560554602904,1.36340686382774,2.33127511038313,0.0834178725211645,0.577772911142754,0.342169936710058,1.22153707503682,0.0573694815135975,2.68858167703455,0.466699788768906,0.00689834001968866,2.85774207908269,2.60349133795833,0.102549974735082,3.15353723545535,0.0454903369185552,1.47586997702376,0.163925679276832,1.17529365449828,0.910913170548428,0.125701374009576,0.790807773851832,1.23258849522846,0.94599754881159,0.0214749603236191,0.662558786270769,1.81912327853715,0.0336019009153847,0.634245471841124,0.909908788807098,0.0146988837900452,0.218911026484897,3.22917802747101,0.203727775490438,0.00324788067581002,1.52461687302458,1.5887946887412,0.00476634067476285,0.227580999981837,0.475582404166371,0.0947694016274145,1.26871846047934
"CINAR_BC_45",0.307784285710743,0.00781869335395009,0.631121401057244,0.0886155506608006,0.101508009471089,1.86397527662663,0.00241503222386155,0.502297481602662,0.742896096952314,1.78712713330447,0.141730550411935,0.418355452572719,0.35001914609206,1.26085105025314,0.0573694815135975,1.08535334220132,0.466699788768906,0.00689834001968866,1.0866387224397,0.970468452028785,0.068760137538302,2.7831370929004,0.069141217605095,0.807822901788542,0.163925679276832,0.45301468386616,0.863490494498062,0.101702771464725,0.686254075128579,1.15045353151299,0.926302949625884,0.0214749603236191,0.325909626675247,1.52379219937716,0.0445111626584468,0.473442086141197,0.69668343538851,0.0589758052475485,0.303372542793473,2.82389491529311,0.35016293571317,0.00324788067581002,1.66857062414078,1.3217160148332,0.00476634067476285,0.131842879361044,0.475582404166371,0.10247096328713,1.0110426896428
"CINAR_BC_110",0.28394018201764,0.0135017787579994,0.81252783075877,0.061626658101967,0.14797184962634,1.9436446083849,0.00241503222386155,0.913391507889243,1.28772837352814,2.16338097675873,0.0948397786302198,0.41847684338994,0.628361645543992,2.48162656905569,0.448666598339786,1.91371210093528,0.466699788768906,0.0815139199816445,2.04455066777121,1.95300280640197,0.283914208007801,3.19418585348168,0.459843558719517,0.724355663290744,0.807440353874359,1.16386749613419,0.754099635506431,0.123186568718121,0.604367837987792,1.26316106088005,1.4687374505245,0.0214749603236191,0.796716371570643,1.53080150723984,0.107055619310518,0.49466065562425,0.887793781645067,0.0447065285233987,0.53654209835881,3.02619473872118,0.317658213081194,0.0238992919584931,2.31323948212559,1.43453556227293,0.0277350703005585,0.143634917312191,0.475582404166371,0.456652097294069,1.04794489325211
"CINAR_BC_55",0.0983353995875841,0.00628621419333039,0.715677816786664,0.061626658101967,0.106323773785875,2.07746821806336,0.00241503222386155,0.521304639522162,0.984541421088326,2.05176122514447,0.0892854896009531,0.744503958172182,0.284484298745352,1.25034398459898,0.0985786129280466,2.43616291020502,0.466699788768906,0.00689834001968866,1.60833382419033,1.67079461734651,0.066338724931326,3.01433604829236,0.108328339399892,1.54829143003392,0.163925679276832,0.690605340678671,0.993820779324805,0.181137843565027,0.848117383295196,1.15501365814355,1.07404556607661,0.0753325476234922,0.325909626675247,1.68208575549866,0.0393215721496642,0.597295451572881,0.791914653736172,0.0146988837900452,0.2439217184977,3.16544056559321,0.326402043464185,0.00324788067581002,1.01843266034603,1.53944210079758,0.00476634067476285,0.262392647221061,1.64700287254916,0.126442290228889,1.24951757627207
"CINAR_BC_67",0.0983353995875841,0.0213528434448211,1.38728756620652,0.174191377809147,0.136712047330226,3.00481729461994,0.00241503222386155,0.676174172088132,1.31314004406062,2.92714712945424,0.0629983110608672,1.27038176801736,0.355961263256642,0.865355933918882,0.143452223732022,2.50988695833453,0.466699788768906,0.0920595921627284,2.87319102522367,2.616142563905,0.125365001903826,3.8862859463449,0.0454903369185552,1.98081247383132,1.60334633876633,1.0411682740275,1.44200636784659,0.178201884166199,1.22159204712173,2.0132447621508,1.48418755432173,0.0214749603236191,0.325909626675247,2.63689227397095,0.031928621948273,0.816662687896908,1.59137528517742,0.0508481700199365,0.230844897666601,4.14588622361485,0.388423245536583,0.0268336864197433,1.76984077616402,2.44891927985052,0.00476634067476285,0.234127952423776,0.475582404166371,0.152730445192617,1.86506008514589
"CINAR_BC_71",0.0983353995875841,0.0115177922550736,0.927284107226396,0.061626658101967,0.0782405270651153,2.26144850184419,0.00241503222386155,0.329287749728994,0.950748979213186,2.25280685678733,0.0395550740547795,0.444412439958739,0.270315509510365,1.18781754572241,0.174977790873315,1.06424006376783,0.466699788768906,0.0573461623875067,1.20464996926237,1.07870157386519,0.0505900583728184,3.19083516839884,0.0454903369185552,0.939070993569744,1.06794768869793,0.469134744707633,1.25150722625931,0.104318442027007,1.03577021095409,1.56144034367703,0.732876238658508,0.0214749603236191,0.325909626675247,1.93904549754644,0.0324305115856921,0.705428864115099,1.07563136277901,0.0146988837900452,0.127682988710795,3.34465113625222,0.199080852033928,0.00324788067581002,1.08202432509327,1.73586204887408,0.00476634067476285,0.0709905571021644,0.475582404166371,0.0770594479227549,1.4618038846068
"CINAR_BC_105",0.0983353995875841,0.0223712188445485,0.792416393640367,0.274579830991305,0.183175679218864,1.71511360833909,0.00241503222386155,0.82657461826814,1.49956360195896,2.4580612048769,0.0987168509679328,0.439318529512208,0.452988529272897,1.4709196748414,0.0975602080773603,3.5055821986932,0.466699788768906,0.0410945633023876,3.64901530065107,3.3141611673899,0.266813513435808,2.83031529433212,0.235954118304001,1.02315222482561,0.163925679276832,1.54856638924022,0.798000410174389,0.0898779779852374,0.690305270989717,1.16805827324895,1.36337325882573,0.0214749603236191,0.325909626675247,1.32046609741993,0.0317834097366837,0.566057641210359,0.882139397251879,0.0465995796410524,0.267342357466054,2.55024536197961,0.25850308350202,0.00324788067581002,1.88278695511434,1.21947730472367,0.00476634067476285,0.181177799946821,0.475582404166371,0.230832882349193,0.931984855795173
"CINAR_BC_97",0.0983353995875841,0.00628621419333039,0.165905043758158,0.061626658101967,0.0656977132885039,0.127653214634142,0.00241503222386155,0.281920827684635,0.281182774250853,0.795886323461495,0.0602144933514988,0.228643212851536,0.299727092445118,0.974863004304607,0.0573694815135975,1.12762419326158,0.466699788768906,0.00689834001968866,0.897226970066689,1.367040980422,0.0530893289758675,1.13969856223995,0.0454903369185552,0.188222741582671,0.439042218722058,0.643439426596609,0.220645625668008,0.0266755433138446,0.200840557098439,0.403694305678752,0.795584765065873,0.0214749603236191,0.325909626675247,0.367499391904202,0.0343413978550391,0.154260243897247,0.192001833475878,0.0146988837900452,0.0971431646984657,1.13389051501196,0.137052981072602,0.00324788067581002,0.85895724936912,0.315844369061394,0.00476634067476285,0.0632797100075252,0.475582404166371,0.0462476001257439,0.262595075866176
"CINAR_BC_44",0.0983353995875841,0.00628621419333039,0.39648056282267,0.061626658101967,0.0705159342557738,1.10669579635877,0.00241503222386155,0.320603832040924,0.376049635252619,1.19968014129348,0.0711203175482527,0.292113997363846,0.268296835752636,0.89971025943914,0.328810567242572,1.52560397715327,0.466699788768906,0.351176945580534,1.05701022115894,1.42983150531565,0.0510535980340417,1.83716872398185,0.0454903369185552,0.188222741582671,1.0073209800452,0.508664052702017,0.354869683511877,0.0266755433138446,0.323583932481267,0.597094083727312,0.810519529881627,0.0214749603236191,0.325909626675247,0.811267302317615,0.0280125191512276,0.214333470879802,0.410055752295338,0.0499177228696617,0.163583182371714,1.7824417711693,0.163371286996269,0.00324788067581002,1.00670370021209,0.678074647340736,0.00476634067476285,0.0793999841004844,0.475582404166371,0.0622194591879377,0.515285709331223
"CINAR_BC_120",0.0983353995875841,0.0285481041471079,0.374339267696066,0.255661464122827,0.178098615951544,1.02381483468097,0.0114661916619955,0.508119248280942,0.555965952902227,1.11386215800984,0.0515696410696935,0.178021124142122,0.465985522287029,1.74850278477777,0.235772955456901,2.09694394985122,0.537880693174388,0.0537784625516528,2.20850383948927,2.58494868535121,0.174300142764587,2.07096602142499,0.0454903369185552,0.188222741582671,0.163925679276832,0.68370206399034,0.314967069111027,0.0266755433138446,0.2281685895391,0.517525574528168,1.39433371807475,0.0641115869319755,0.325909626675247,0.331755511978781,0.0762876033234997,0.252000079952209,0.38871548332972,0.0146988837900452,0.304539183293973,1.18621513701549,0.386753509736389,0.0233654330695123,1.49396090480929,0.439289634182232,0.00476634067476285,0.0272707820316035,0.475582404166371,0.184123887488326,0.380506958193242
"CINAR_BC_96",0.0983353995875841,0.00628621419333039,0.523035995285396,0.061626658101967,0.0983089551639493,1.60263609081879,0.00241503222386155,0.682432393510845,0.629423517492805,1.87815009260742,0.0741563990582194,0.401650124492568,0.295295182614658,1.27928485525601,0.194882870081781,1.31177550938506,0.466699788768906,0.00689834001968866,1.74136558736451,1.81536694288364,0.0832646892594347,2.74732362355702,0.0454903369185552,0.78051625434357,0.826529201733665,0.780357358538959,0.625988931520756,0.0908157113973169,0.558568004138391,1.05856400508046,1.06840726486234,0.0214749603236191,0.325909626675247,1.31216457582486,0.0368762357515244,0.334623294593145,0.613767212611903,0.0146988837900452,0.322283566515415,2.5762234256048,0.22012927938888,0.00324788067581002,1.62852525228159,1.0098765039941,0.00476634067476285,0.110010900423126,0.475582404166371,0.0997126339702862,0.77289889913625
"CINAR_BC_116",0.0983353995875841,0.00790154876439028,0.50169886841289,0.250345942189443,0.108905825413888,1.48806067039666,0.00241503222386155,0.471006784546869,0.706445896495442,1.31505983421036,0.0681965731604751,0.501253083242844,0.261008448545544,1.09272565087809,0.0573694815135975,1.24981734918424,0.436581213092612,0.00689834001968866,2.06738545165857,1.59874272218592,0.0943192213563572,2.15120729154457,0.0454903369185552,0.828382531189953,2.17750143841709,0.654146169529235,0.688897320452708,0.0951369045331591,0.544819534438659,0.74919096728952,0.709980477283173,0.0701969147216126,0.325909626675247,0.898570337763799,0.0297093738010732,0.457285757687353,0.564792001122182,0.0466016523113713,0.19509305912917,2.28408684909478,0.244171739619863,0.033302365974371,1.13081193418884,0.899370813103853,0.00476634067476285,0.133608817114908,0.475582404166371,0.111556285535303,0.835762730954856
"CINAR_BC_54",0.2150816886049,0.0243428449445857,0.438525304046596,0.0883598215047635,0.167788999563285,1.29159290334244,0.00241503222386155,0.847864964041798,0.90780473296222,1.38721943533633,0.104879654314077,0.195118451306365,0.550678150607671,2.13110205619329,0.317940756883966,2.56895815265206,0.466699788768906,0.0509256729985673,1.83180324202368,2.1714498770146,0.182700166403336,3.02706123693461,0.398161823603246,0.188222741582671,0.578551155384319,0.821823795670838,0.377078365037961,0.112165434607839,0.305893172368995,0.703201740668909,1.37024678257311,0.0214749603236191,0.325909626675247,0.477745069572216,0.113635223831755,0.348045710780653,0.477694641650261,0.045184063089785,0.578220423495912,1.37105008147055,0.52797562821199,0.036741311696308,2.88651070957262,0.542387655490933,0.021981555002458,0.138700384401057,0.475582404166371,0.308399899026594,0.416937175704052
"CINAR_BC_91",0.0983353995875841,0.00628621419333039,0.532808839518043,0.061626658101967,0.0668440306457672,1.46410858903756,0.00241503222386155,0.329525225157705,0.504984628877563,1.44693342516674,0.0549816781880997,0.307806409703379,0.338045704259328,1.18671003592766,0.0996312098995056,0.803149711776631,0.466699788768906,0.00689834001968866,0.942053824858902,1.10721859463886,0.0360610819804334,2.35285763675019,0.0454903369185552,0.790945457852149,0.664503591542483,0.474616766653087,0.650341717117736,0.0888632720281465,0.529811665388924,0.908499904064628,0.77168574306747,0.0214749603236191,0.325909626675247,1.22904783319404,0.0339937528711296,0.36167353896346,0.604064646847436,0.0146988837900452,0.243784023132263,2.4927248174085,0.149453588640143,0.00324788067581002,1.34480833429858,0.999011665669658,0.00476634067476285,0.120369791182223,0.475582404166371,0.0798166703583789,0.846953261552501
"CINAR_BC_46",0.243004625232413,0.00628621419333039,0.173487639703372,0.061626658101967,0.0923662904494783,0.127653214634142,0.00241503222386155,0.358478741091537,0.249998264384756,0.70298367481713,0.0456052954131831,0.0590415590098166,0.27812036617271,0.706818499196606,0.0573694815135975,1.10853291853835,0.466699788768906,0.00689834001968866,0.915136074427563,1.0130769536646,0.062642835605915,1.23642167356697,0.0729560222373705,0.188222741582671,0.163925679276832,0.470548113801166,0.143234799231707,0.0266755433138446,0.148337447576907,0.239368467282581,0.853926919019881,0.0214749603236191,0.325909626675247,0.0992198737540277,0.0352441531229118,0.091329505340573,0.166170429496051,0.0146988837900452,0.124848712885073,0.13877125088822,0.204541989937833,0.00324788067581002,1.1748165041114,0.0729705834664716,0.00476634067476285,0.0615676475860758,0.475582404166371,0.0766567867588558,0.0811527899339818
"CINAR_BC_117",0.0983353995875841,0.0298997217157194,0.753539830427682,0.706844572209425,0.313172908247521,1.80196280662466,0.0231969948796431,0.804574665067914,0.921661555529772,2.1402871159746,0.0650304929136965,0.273417550811537,0.506004164479649,2.16848785421248,0.300194294032173,3.68625515162978,0.610846084271004,0.0770895313873807,4.03245606922752,4.69305678967889,0.32672205710977,2.64224261058234,0.175769743336777,0.188222741582671,0.163925679276832,1.36331274492161,0.605972986424632,0.0909307810894115,0.433844671820261,0.903643839602219,1.20275647949828,0.226945539348971,0.325909626675247,0.823460986147078,0.0811111071088852,0.416734245475312,0.921351273470016,0.0146988837900452,0.788324084155678,1.98674243116667,0.428343897619578,0.18732707787509,2.40520396896591,0.915538929630546,0.00476634067476285,0.150940764202631,0.475582404166371,0.34982548115133,0.809022230641815
"CINAR_BC_69",0.0983353995875841,0.0612642451117635,0.896187503738187,0.46005249091834,0.270415089703256,2.22150040500423,0.00241503222386155,0.783520382762077,1.33173865000393,2.69283151068901,0.0903068249690859,0.626892455800623,0.425927223282708,1.27725762198758,0.225544792638559,4.11806761900577,0.466699788768906,0.0530106836424232,4.18700894242694,4.1270522326353,0.288920281048255,3.19269707971346,0.0454903369185552,1.0178148660076,2.34961400141786,1.56608283218154,0.859588148734765,0.106502249302651,0.722988968584502,1.29192455747019,1.13218466561317,0.0214749603236191,0.325909626675247,1.47370229609677,0.0319120281628337,0.522356257789233,1.00439548617497,0.0464303720204966,0.62468731699754,2.89780548112454,0.56409326763999,0.0581496769229408,1.88270650922701,1.47094249790152,0.00476634067476285,0.164829964262922,0.475582404166371,0.28111115513294,1.11518585959341
"CINAR_BC_66",0.0983353995875841,0.0083931885743503,0.405640676072499,0.061626658101967,0.077880183993545,1.20414440934058,0.00241503222386155,0.405557628309597,0.563694828421867,1.18080051784614,0.0709163603177893,0.363229658047105,0.242858050029315,1.08715321548744,0.0573694815135975,1.00281792860631,0.466699788768906,0.034144644712742,0.91172803919682,0.763164417725818,0.0703147772076222,2.55918409936948,0.0454903369185552,0.544861843909006,0.717600591918379,0.47187717528084,0.472966686646012,0.0810274871841288,0.411989077443052,0.662762938677152,0.649807868728102,0.0214749603236191,0.325909626675247,0.917297068178172,0.0379538894123414,0.298337421676709,0.430452277574973,0.0146988837900452,0.182498231752947,1.97508447682429,0.202033198013017,0.00324788067581002,1.01429645154521,0.803130078049457,0.00476634067476285,0.0924449540533109,0.475582404166371,0.10933872523198,0.654947212958172
"CINAR_BC_72",0.0983353995875841,0.0123541195237612,1.34198647555743,0.061626658101967,0.0789081135910557,2.785788697443,0.00241503222386155,0.660237417647058,1.29776476807513,2.86284974419819,0.0405308071819873,0.725615421081353,0.207034754789135,1.21019519749569,0.0573694815135975,1.11600686452485,0.466699788768906,0.0862203486605357,1.89337292892416,1.18736269427716,0.0360610819804334,3.84258183625405,0.0454903369185552,1.8068009252337,0.163925679276832,0.448979603944828,1.66243774602209,0.244072558261859,1.36405786713564,2.02256715489414,0.605109079363493,0.0214749603236191,0.325909626675247,2.51065599682152,0.0358446701288736,1.08670202749483,1.55186278104562,0.0146988837900452,0.190754956665805,3.99929116849715,0.235419596631237,0.00324788067581002,1.00847709046677,2.31732422345275,0.00476634067476285,0.302857202264166,0.475582404166371,0.104855767315535,1.87718138616622
"CINAR_BC_99",0.21611712254672,0.0147058030211482,0.397478136956419,0.229059006345817,0.200913370716764,1.18246509720496,0.00241503222386155,0.542067642459692,0.511321120299178,1.18218263944161,0.0382732876704991,0.106636768764188,0.515917731532837,1.6343691187745,0.0573694815135975,2.09899748437188,0.466699788768906,0.0437265973103382,1.80668774992642,2.09360299792493,0.217090682133732,1.81670220104544,0.0913616653398226,0.188222741582671,0.163925679276832,0.824601268469405,0.333462395298688,0.0747207254495885,0.252614411418798,0.550733373902517,1.66904444737513,0.0214749603236191,0.325909626675247,0.397704839201392,0.0688444016227515,0.223892602783564,0.340947593935336,0.0146988837900452,0.527293314115436,1.19144257561118,0.335553418398216,0.00324788067581002,1.94867498662917,0.391637908577874,0.00476634067476285,0.0725180489345446,0.475582404166371,0.19400071000285,0.390318448182959
"CINAR_BC_68",0.0983353995875841,0.0103129697934383,1.11483955315168,0.061626658101967,0.0871646995214814,2.46775262373478,0.00241503222386155,0.60443540050755,0.948752231587597,2.49657564369095,0.0616200073722684,1.14581587990758,0.345698495860326,1.31539277638428,0.0573694815135975,1.08109383643918,0.466699788768906,0.120952117251086,1.82333856421007,1.34131910113777,0.0748558685506414,3.73497322591501,0.0454903369185552,1.59971325682568,0.59919228173876,0.682151496053893,1.17784072783482,0.14223776501284,0.994247089829466,1.64072939447812,0.989134529092617,0.0214749603236191,0.325909626675247,2.15802498823321,0.0424363994563552,0.694892780908407,1.22215508974008,0.0146988837900452,0.231725691211028,3.6818504429665,0.334487789150466,0.00324788067581002,1.19223228534157,2.06248631483781,0.00476634067476285,0.194361867831893,0.475582404166371,0.119395046200176,1.47416330051951
"CINAR_BC_70",0.0983353995875841,0.0376917801024656,0.484270489057306,0.272849000095918,0.225076221237339,1.61014916653076,0.00241503222386155,0.885015236623992,0.662236871872065,1.28507524083915,0.136619542529067,0.162246823534169,0.666225432535132,1.98906240787464,0.272214723188395,2.55891757784969,0.466699788768906,0.128757716806173,2.00398294744821,2.23770705595122,0.250748980461908,2.56088764805887,0.179629501173946,0.188222741582671,0.454149187948295,0.993239918167387,0.437467962613651,0.110185041511014,0.301957151065511,0.682333326047122,1.54671087768695,0.0214749603236191,0.325909626675247,0.451242426175135,0.11515842399107,0.367899065056569,0.500884890977439,0.0406787770867077,0.700887381876788,1.3893384705465,0.630486123858456,0.0340203684519161,2.33312152872745,0.544970283536966,0.00476634067476285,0.124859964368783,1.09546951374519,0.272419796762817,0.523762079073491
"CINAR_BC_111",0.0983353995875841,0.00628621419333039,0.64952202320096,0.0798575346205923,0.0846096173724833,1.74007709077141,0.00241503222386155,0.448415840593235,0.747346991181676,1.79620728109676,0.0582026276125565,0.334011901919252,0.321836943633162,1.43068376764184,0.218221016919349,0.790710913618925,0.466699788768906,0.058394569087832,0.960516112558982,0.782468543906386,0.0652240323329508,3.04486984083396,0.123373659627901,1.19691242222174,0.163925679276832,0.434897100435918,0.916800444136007,0.142062834150155,0.752131534521223,1.2293662519584,1.13390467678202,0.0214749603236191,0.325909626675247,1.58944155833782,0.0403166771850634,0.598666430892867,0.752323463348503,0.0146988837900452,0.201209344383204,3.02081242328284,0.177596371415687,0.00324788067581002,1.92356088033571,1.38861988878829,0.00476634067476285,0.196524358402825,0.475582404166371,0.155289853987405,1.12011734205803
"CINAR_BC_98",0.0983353995875841,0.0190492646031107,1.58828560774122,0.258909030278822,0.198808867066703,3.29337044210182,0.00241503222386155,1.13099218029872,1.56250873875219,3.64869731013505,0.104440337172399,1.61791667913316,0.437059815292168,1.45736388022277,0.407698202421425,3.53651571958461,0.466699788768906,0.113141244013586,4.40686021612046,4.17356932816002,0.342231566663375,4.22877886788912,0.158203254355168,2.3802912306509,2.23543410939649,1.62576114210133,1.72202684068191,0.257310671670044,1.49960856351542,2.47941404688075,1.44492569531934,0.0214749603236191,0.325909626675247,2.9727646261294,0.0357967561401961,1.00673261712215,1.84579493840957,0.0476995087537457,0.547382158355895,4.45360265178833,0.310541116334253,0.0623195321605161,2.06690988062491,2.70702912666166,0.00476634067476285,0.403347898569774,0.475582404166371,0.282638861337068,2.09206028035361
